time,v_1,v_2,i_1
0.00000,0.00000,0.00000,0.00000
0.00050,5.00000,0.04950,0.49505
0.00100,5.00000,0.09852,0.49015
0.00150,5.00000,0.14705,0.48530
0.00200,5.00000,0.19510,0.48049
0.00250,5.00000,0.24267,0.47573
0.00300,5.00000,0.28977,0.47102
0.00350,5.00000,0.33641,0.46636
0.00400,5.00000,0.38258,0.46174
0.00450,5.00000,0.42830,0.45717
0.00500,5.00000,0.47357,0.45264
0.00550,5.00000,0.51838,0.44816
0.00600,5.00000,0.56275,0.44372
0.00650,5.00000,0.60669,0.43933
0.00700,5.00000,0.65019,0.43498
0.00750,5.00000,0.69325,0.43067
0.00800,5.00000,0.73589,0.42641
0.00850,5.00000,0.77811,0.42219
0.00900,5.00000,0.81991,0.41801
0.00950,5.00000,0.86130,0.41387
0.01000,5.00000,0.90228,0.40977
0.01050,5.00000,0.94285,0.40572
0.01100,5.00000,0.98302,0.40170
0.01150,5.00000,1.02279,0.39772
0.01200,5.00000,1.06217,0.39378
0.01250,5.00000,1.10116,0.38988
0.01300,5.00000,1.13976,0.38602
0.01350,5.00000,1.17798,0.38220
0.01400,5.00000,1.21582,0.37842
0.01450,5.00000,1.25329,0.37467
0.01500,5.00000,1.29039,0.37096
0.01550,5.00000,1.32711,0.36729
0.01600,5.00000,1.36348,0.36365
0.01650,5.00000,1.39948,0.36005
0.01700,5.00000,1.43513,0.35649
0.01750,5.00000,1.47043,0.35296
0.01800,5.00000,1.50538,0.34946
0.01850,5.00000,1.53998,0.34600
0.01900,5.00000,1.57423,0.34258
0.01950,5.00000,1.60815,0.33918
0.02000,5.00000,1.64173,0.33583
0.02050,5.00000,1.67499,0.33250
0.02100,5.00000,1.70791,0.32921
0.02150,5.00000,1.74050,0.32595
0.02200,5.00000,1.77277,0.32272
0.02250,5.00000,1.80473,0.31953
0.02300,5.00000,1.83636,0.31636
0.02350,5.00000,1.86769,0.31323
0.02400,5.00000,1.89870,0.31013
0.02450,5.00000,1.92940,0.30706
0.02500,5.00000,1.95981,0.30402
0.02550,5.00000,1.98991,0.30101
0.02600,5.00000,2.01971,0.29803
0.02650,5.00000,2.04922,0.29508
0.02700,5.00000,2.07843,0.29216
0.02750,5.00000,2.10736,0.28926
0.02800,5.00000,2.13600,0.28640
0.02850,5.00000,2.16436,0.28356
0.02900,5.00000,2.19243,0.28076
0.02950,5.00000,2.22023,0.27798
0.03000,5.00000,2.24775,0.27522
0.03050,5.00000,2.27500,0.27250
0.03100,5.00000,2.30198,0.26980
0.03150,5.00000,2.32870,0.26713
0.03200,5.00000,2.35514,0.26449
0.03250,5.00000,2.38133,0.26187
0.03300,5.00000,2.40726,0.25927
0.03350,5.00000,2.43293,0.25671
0.03400,5.00000,2.45835,0.25417
0.03450,5.00000,2.48351,0.25165
0.03500,5.00000,2.50843,0.24916
0.03550,5.00000,2.53310,0.24669
0.03600,5.00000,2.55752,0.24425
0.03650,5.00000,2.58170,0.24183
0.03700,5.00000,2.60565,0.23944
0.03750,5.00000,2.62935,0.23706
0.03800,5.00000,2.65283,0.23472
0.03850,5.00000,2.67606,0.23239
0.03900,5.00000,2.69907,0.23009
0.03950,5.00000,2.72186,0.22781
0.04000,5.00000,2.74441,0.22556
0.04050,5.00000,2.76674,0.22333
0.04100,5.00000,2.78886,0.22111
0.04150,5.00000,2.81075,0.21893
0.04200,5.00000,2.83242,0.21676
0.04250,5.00000,2.85389,0.21461
0.04300,5.00000,2.87513,0.21249
0.04350,5.00000,2.89617,0.21038
0.04400,5.00000,2.91700,0.20830
0.04450,5.00000,2.93763,0.20624
0.04500,5.00000,2.95805,0.20420
0.04550,5.00000,2.97826,0.20217
0.04600,5.00000,2.99828,0.20017
0.04650,5.00000,3.01810,0.19819
0.04700,5.00000,3.03772,0.19623
0.04750,5.00000,3.05715,0.19428
0.04800,5.00000,3.07639,0.19236
0.04850,5.00000,3.09543,0.19046
0.04900,5.00000,3.11429,0.18857
0.04950,5.00000,3.13296,0.18670
0.05000,5.00000,3.15145,0.18486
0.05050,5.00000,3.16975,0.18303
0.05100,5.00000,3.18787,0.18121
0.05150,5.00000,3.20581,0.17942
0.05200,5.00000,3.22358,0.17764
0.05250,5.00000,3.24116,0.17588
0.05300,5.00000,3.25858,0.17414
0.05350,5.00000,3.27582,0.17242
0.05400,5.00000,3.29289,0.17071
0.05450,5.00000,3.30979,0.16902
0.05500,5.00000,3.32653,0.16735
0.05550,5.00000,3.34310,0.16569
0.05600,5.00000,3.35950,0.16405
0.05650,5.00000,3.37574,0.16243
0.05700,5.00000,3.39183,0.16082
0.05750,5.00000,3.40775,0.15923
0.05800,5.00000,3.42351,0.15765
0.05850,5.00000,3.43912,0.15609
0.05900,5.00000,3.45458,0.15454
0.05950,5.00000,3.46988,0.15301
0.06000,5.00000,3.48503,0.15150
0.06050,5.00000,3.50003,0.15000
0.06100,5.00000,3.51488,0.14851
0.06150,5.00000,3.52958,0.14704
0.06200,5.00000,3.54414,0.14559
0.06250,5.00000,3.55856,0.14414
0.06300,5.00000,3.57283,0.14272
0.06350,5.00000,3.58696,0.14130
0.06400,5.00000,3.60095,0.13991
0.06450,5.00000,3.61480,0.13852
0.06500,5.00000,3.62852,0.13715
0.06550,5.00000,3.64210,0.13579
0.06600,5.00000,3.65554,0.13445
0.06650,5.00000,3.66885,0.13311
0.06700,5.00000,3.68203,0.13180
0.06750,5.00000,3.69508,0.13049
0.06800,5.00000,3.70800,0.12920
0.06850,5.00000,3.72079,0.12792
0.06900,5.00000,3.73346,0.12665
0.06950,5.00000,3.74600,0.12540
0.07000,5.00000,3.75841,0.12416
0.07050,5.00000,3.77071,0.12293
0.07100,5.00000,3.78288,0.12171
0.07150,5.00000,3.79493,0.12051
0.07200,5.00000,3.80686,0.11931
0.07250,5.00000,3.81867,0.11813
0.07300,5.00000,3.83037,0.11696
0.07350,5.00000,3.84195,0.11580
0.07400,5.00000,3.85342,0.11466
0.07450,5.00000,3.86477,0.11352
0.07500,5.00000,3.87601,0.11240
0.07550,5.00000,3.88714,0.11129
0.07600,5.00000,3.89816,0.11018
0.07650,5.00000,3.90907,0.10909
0.07700,5.00000,3.91987,0.10801
0.07750,5.00000,3.93056,0.10694
0.07800,5.00000,3.94115,0.10588
0.07850,5.00000,3.95163,0.10484
0.07900,5.00000,3.96201,0.10380
0.07950,5.00000,3.97229,0.10277
0.08000,5.00000,3.98247,0.10175
0.08050,5.00000,3.99254,0.10075
0.08100,5.00000,4.00252,0.09975
0.08150,5.00000,4.01239,0.09876
0.08200,5.00000,4.02217,0.09778
0.08250,5.00000,4.03185,0.09681
0.08300,5.00000,4.04144,0.09586
0.08350,5.00000,4.05093,0.09491
0.08400,5.00000,4.06032,0.09397
0.08450,5.00000,4.06963,0.09304
0.08500,5.00000,4.07884,0.09212
0.08550,5.00000,4.08796,0.09120
0.08600,5.00000,4.09699,0.09030
0.08650,5.00000,4.10593,0.08941
0.08700,5.00000,4.11478,0.08852
0.08750,5.00000,4.12355,0.08765
0.08800,5.00000,4.13222,0.08678
0.08850,5.00000,4.14081,0.08592
0.08900,5.00000,4.14932,0.08507
0.08950,5.00000,4.15774,0.08423
0.09000,5.00000,4.16608,0.08339
0.09050,5.00000,4.17434,0.08257
0.09100,5.00000,4.18251,0.08175
0.09150,5.00000,4.19061,0.08094
0.09200,5.00000,4.19862,0.08014
0.09250,5.00000,4.20656,0.07934
0.09300,5.00000,4.21441,0.07856
0.09350,5.00000,4.22219,0.07778
0.09400,5.00000,4.22989,0.07701
0.09450,5.00000,4.23751,0.07625
0.09500,5.00000,4.24506,0.07549
0.09550,5.00000,4.25254,0.07475
0.09600,5.00000,4.25994,0.07401
0.09650,5.00000,4.26727,0.07327
0.09700,5.00000,4.27452,0.07255
0.09750,5.00000,4.28170,0.07183
0.09800,5.00000,4.28881,0.07112
0.09850,5.00000,4.29586,0.07041
0.09900,5.00000,4.30283,0.06972
0.09950,5.00000,4.30973,0.06903
0.10000,5.00000,4.31656,0.06834
0.10050,5.00000,4.32333,0.06767
0.10100,5.00000,4.33003,0.06700
0.10150,5.00000,4.33666,0.06633
0.10200,5.00000,4.34323,0.06568
0.10250,5.00000,4.34973,0.06503
0.10300,5.00000,4.35617,0.06438
0.10350,5.00000,4.36255,0.06375
0.10400,5.00000,4.36886,0.06311
0.10450,5.00000,4.37511,0.06249
0.10500,5.00000,4.38129,0.06187
0.10550,5.00000,4.38742,0.06126
0.10600,5.00000,4.39348,0.06065
0.10650,5.00000,4.39949,0.06005
0.10700,5.00000,4.40543,0.05946
0.10750,5.00000,4.41132,0.05887
0.10800,5.00000,4.41715,0.05829
0.10850,5.00000,4.42292,0.05771
0.10900,5.00000,4.42863,0.05714
0.10950,5.00000,4.43429,0.05657
0.11000,5.00000,4.43989,0.05601
0.11050,5.00000,4.44544,0.05546
0.11100,5.00000,4.45093,0.05491
0.11150,5.00000,4.45636,0.05436
0.11200,5.00000,4.46174,0.05383
0.11250,5.00000,4.46707,0.05329
0.11300,5.00000,4.47235,0.05276
0.11350,5.00000,4.47757,0.05224
0.11400,5.00000,4.48275,0.05173
0.11450,5.00000,4.48787,0.05121
0.11500,5.00000,4.49294,0.05071
0.11550,5.00000,4.49796,0.05020
0.11600,5.00000,4.50293,0.04971
0.11650,5.00000,4.50785,0.04922
0.11700,5.00000,4.51272,0.04873
0.11750,5.00000,4.51755,0.04825
0.11800,5.00000,4.52232,0.04777
0.11850,5.00000,4.52705,0.04729
0.11900,5.00000,4.53173,0.04683
0.11950,5.00000,4.53637,0.04636
0.12000,5.00000,4.54096,0.04590
0.12050,5.00000,4.54551,0.04545
0.12100,5.00000,4.55000,0.04500
0.12150,5.00000,4.55446,0.04455
0.12200,5.00000,4.55887,0.04411
0.12250,5.00000,4.56324,0.04368
0.12300,5.00000,4.56756,0.04324
0.12350,5.00000,4.57184,0.04282
0.12400,5.00000,4.57608,0.04239
0.12450,5.00000,4.58028,0.04197
0.12500,5.00000,4.58444,0.04156
0.12550,5.00000,4.58855,0.04115
0.12600,5.00000,4.59262,0.04074
0.12650,5.00000,4.59666,0.04033
0.12700,5.00000,4.60065,0.03994
0.12750,5.00000,4.60460,0.03954
0.12800,5.00000,4.60852,0.03915
0.12850,5.00000,4.61239,0.03876
0.12900,5.00000,4.61623,0.03838
0.12950,5.00000,4.62003,0.03800
0.13000,5.00000,4.62379,0.03762
0.13050,5.00000,4.62752,0.03725
0.13100,5.00000,4.63121,0.03688
0.13150,5.00000,4.63486,0.03651
0.13200,5.00000,4.63847,0.03615
0.13250,5.00000,4.64205,0.03579
0.13300,5.00000,4.64559,0.03544
0.13350,5.00000,4.64910,0.03509
0.13400,5.00000,4.65258,0.03474
0.13450,5.00000,4.65602,0.03440
0.13500,5.00000,4.65942,0.03406
0.13550,5.00000,4.66279,0.03372
0.13600,5.00000,4.66613,0.03339
0.13650,5.00000,4.66944,0.03306
0.13700,5.00000,4.67271,0.03273
0.13750,5.00000,4.67595,0.03240
0.13800,5.00000,4.67916,0.03208
0.13850,5.00000,4.68234,0.03177
0.13900,5.00000,4.68548,0.03145
0.13950,5.00000,4.68859,0.03114
0.14000,5.00000,4.69168,0.03083
0.14050,5.00000,4.69473,0.03053
0.14100,5.00000,4.69775,0.03022
0.14150,5.00000,4.70074,0.02993
0.14200,5.00000,4.70371,0.02963
0.14250,5.00000,4.70664,0.02934
0.14300,5.00000,4.70954,0.02905
0.14350,5.00000,4.71242,0.02876
0.14400,5.00000,4.71527,0.02847
0.14450,5.00000,4.71809,0.02819
0.14500,5.00000,4.72088,0.02791
0.14550,5.00000,4.72364,0.02764
0.14600,5.00000,4.72638,0.02736
0.14650,5.00000,4.72908,0.02709
0.14700,5.00000,4.73177,0.02682
0.14750,5.00000,4.73442,0.02656
0.14800,5.00000,4.73705,0.02629
0.14850,5.00000,4.73965,0.02603
0.14900,5.00000,4.74223,0.02578
0.14950,5.00000,4.74478,0.02552
0.15000,5.00000,4.74731,0.02527
0.15050,5.00000,4.74981,0.02502
0.15100,5.00000,4.75229,0.02477
0.15150,5.00000,4.75474,0.02453
0.15200,5.00000,4.75717,0.02428
0.15250,5.00000,4.75957,0.02404
0.15300,5.00000,4.76195,0.02380
0.15350,5.00000,4.76431,0.02357
0.15400,5.00000,4.76664,0.02334
0.15450,5.00000,4.76895,0.02310
0.15500,5.00000,4.77124,0.02288
0.15550,5.00000,4.77351,0.02265
0.15600,5.00000,4.77575,0.02243
0.15650,5.00000,4.77797,0.02220
0.15700,5.00000,4.78017,0.02198
0.15750,5.00000,4.78234,0.02177
0.15800,5.00000,4.78450,0.02155
0.15850,5.00000,4.78663,0.02134
0.15900,5.00000,4.78874,0.02113
0.15950,5.00000,4.79084,0.02092
0.16000,5.00000,4.79291,0.02071
0.16050,5.00000,4.79496,0.02050
0.16100,5.00000,4.79699,0.02030
0.16150,5.00000,4.79900,0.02010
0.16200,5.00000,4.80099,0.01990
0.16250,5.00000,4.80296,0.01970
0.16300,5.00000,4.80491,0.01951
0.16350,5.00000,4.80684,0.01932
0.16400,5.00000,4.80875,0.01913
0.16450,5.00000,4.81064,0.01894
0.16500,5.00000,4.81252,0.01875
0.16550,5.00000,4.81437,0.01856
0.16600,5.00000,4.81621,0.01838
0.16650,5.00000,4.81803,0.01820
0.16700,5.00000,4.81983,0.01802
0.16750,5.00000,4.82162,0.01784
0.16800,5.00000,4.82338,0.01766
0.16850,5.00000,4.82513,0.01749
0.16900,5.00000,4.82686,0.01731
0.16950,5.00000,4.82858,0.01714
0.17000,5.00000,4.83027,0.01697
0.17050,5.00000,4.83195,0.01680
0.17100,5.00000,4.83362,0.01664
0.17150,5.00000,4.83526,0.01647
0.17200,5.00000,4.83689,0.01631
0.17250,5.00000,4.83851,0.01615
0.17300,5.00000,4.84011,0.01599
0.17350,5.00000,4.84169,0.01583
0.17400,5.00000,4.84326,0.01567
0.17450,5.00000,4.84481,0.01552
0.17500,5.00000,4.84635,0.01537
0.17550,5.00000,4.84787,0.01521
0.17600,5.00000,4.84937,0.01506
0.17650,5.00000,4.85086,0.01491
0.17700,5.00000,4.85234,0.01477
0.17750,5.00000,4.85380,0.01462
0.17800,5.00000,4.85525,0.01447
0.17850,5.00000,4.85668,0.01433
0.17900,5.00000,4.85810,0.01419
0.17950,5.00000,4.85951,0.01405
0.18000,5.00000,4.86090,0.01391
0.18050,5.00000,4.86228,0.01377
0.18100,5.00000,4.86364,0.01364
0.18150,5.00000,4.86499,0.01350
0.18200,5.00000,4.86632,0.01337
0.18250,5.00000,4.86765,0.01324
0.18300,5.00000,4.86896,0.01310
0.18350,5.00000,4.87026,0.01297
0.18400,5.00000,4.87154,0.01285
0.18450,5.00000,4.87281,0.01272
0.18500,5.00000,4.87407,0.01259
0.18550,5.00000,4.87532,0.01247
0.18600,5.00000,4.87655,0.01234
0.18650,5.00000,4.87777,0.01222
0.18700,5.00000,4.87898,0.01210
0.18750,5.00000,4.88018,0.01198
0.18800,5.00000,4.88137,0.01186
0.18850,5.00000,4.88254,0.01175
0.18900,5.00000,4.88370,0.01163
0.18950,5.00000,4.88486,0.01151
0.19000,5.00000,4.88600,0.01140
0.19050,5.00000,4.88713,0.01129
0.19100,5.00000,4.88824,0.01118
0.19150,5.00000,4.88935,0.01107
0.19200,5.00000,4.89044,0.01096
0.19250,5.00000,4.89153,0.01085
0.19300,5.00000,4.89260,0.01074
0.19350,5.00000,4.89367,0.01063
0.19400,5.00000,4.89472,0.01053
0.19450,5.00000,4.89576,0.01042
0.19500,5.00000,4.89679,0.01032
0.19550,5.00000,4.89781,0.01022
0.19600,5.00000,4.89882,0.01012
0.19650,5.00000,4.89983,0.01002
0.19700,5.00000,4.90082,0.00992
0.19750,5.00000,4.90180,0.00982
0.19800,5.00000,4.90277,0.00972
0.19850,5.00000,4.90373,0.00963
0.19900,5.00000,4.90469,0.00953
0.19950,5.00000,4.90563,0.00944
0.20000,5.00000,4.90656,0.00934
0.20050,5.00000,4.90749,0.00925
0.20100,5.00000,4.90840,0.00916
0.20150,5.00000,4.90931,0.00907
0.20200,5.00000,4.91021,0.00898
0.20250,5.00000,4.91110,0.00889
0.20300,5.00000,4.91198,0.00880
0.20350,5.00000,4.91285,0.00872
0.20400,5.00000,4.91371,0.00863
0.20450,5.00000,4.91457,0.00854
0.20500,5.00000,4.91541,0.00846
0.20550,5.00000,4.91625,0.00838
0.20600,5.00000,4.91708,0.00829
0.20650,5.00000,4.91790,0.00821
0.20700,5.00000,4.91871,0.00813
0.20750,5.00000,4.91952,0.00805
0.20800,5.00000,4.92031,0.00797
0.20850,5.00000,4.92110,0.00789
0.20900,5.00000,4.92188,0.00781
0.20950,5.00000,4.92266,0.00773
0.21000,5.00000,4.92342,0.00766
0.21050,5.00000,4.92418,0.00758
0.21100,5.00000,4.92493,0.00751
0.21150,5.00000,4.92567,0.00743
0.21200,5.00000,4.92641,0.00736
0.21250,5.00000,4.92714,0.00729
0.21300,5.00000,4.92786,0.00721
0.21350,5.00000,4.92857,0.00714
0.21400,5.00000,4.92928,0.00707
0.21450,5.00000,4.92998,0.00700
0.21500,5.00000,4.93067,0.00693
0.21550,5.00000,4.93136,0.00686
0.21600,5.00000,4.93204,0.00680
0.21650,5.00000,4.93271,0.00673
0.21700,5.00000,4.93338,0.00666
0.21750,5.00000,4.93404,0.00660
0.21800,5.00000,4.93469,0.00653
0.21850,5.00000,4.93534,0.00647
0.21900,5.00000,4.93598,0.00640
0.21950,5.00000,4.93661,0.00634
0.22000,5.00000,4.93724,0.00628
0.22050,5.00000,4.93786,0.00621
0.22100,5.00000,4.93847,0.00615
0.22150,5.00000,4.93908,0.00609
0.22200,5.00000,4.93968,0.00603
0.22250,5.00000,4.94028,0.00597
0.22300,5.00000,4.94087,0.00591
0.22350,5.00000,4.94146,0.00585
0.22400,5.00000,4.94204,0.00580
0.22450,5.00000,4.94261,0.00574
0.22500,5.00000,4.94318,0.00568
0.22550,5.00000,4.94374,0.00563
0.22600,5.00000,4.94430,0.00557
0.22650,5.00000,4.94485,0.00552
0.22700,5.00000,4.94540,0.00546
0.22750,5.00000,4.94594,0.00541
0.22800,5.00000,4.94647,0.00535
0.22850,5.00000,4.94700,0.00530
0.22900,5.00000,4.94753,0.00525
0.22950,5.00000,4.94804,0.00520
0.23000,5.00000,4.94856,0.00514
0.23050,5.00000,4.94907,0.00509
0.23100,5.00000,4.94957,0.00504
0.23150,5.00000,4.95007,0.00499
0.23200,5.00000,4.95057,0.00494
0.23250,5.00000,4.95105,0.00489
0.23300,5.00000,4.95154,0.00485
0.23350,5.00000,4.95202,0.00480
0.23400,5.00000,4.95249,0.00475
0.23450,5.00000,4.95296,0.00470
0.23500,5.00000,4.95343,0.00466
0.23550,5.00000,4.95389,0.00461
0.23600,5.00000,4.95435,0.00457
0.23650,5.00000,4.95480,0.00452
0.23700,5.00000,4.95525,0.00448
0.23750,5.00000,4.95569,0.00443
0.23800,5.00000,4.95613,0.00439
0.23850,5.00000,4.95656,0.00434
0.23900,5.00000,4.95699,0.00430
0.23950,5.00000,4.95742,0.00426
0.24000,5.00000,4.95784,0.00422
0.24050,5.00000,4.95826,0.00417
0.24100,5.00000,4.95867,0.00413
0.24150,5.00000,4.95908,0.00409
0.24200,5.00000,4.95948,0.00405
0.24250,5.00000,4.95988,0.00401
0.24300,5.00000,4.96028,0.00397
0.24350,5.00000,4.96067,0.00393
0.24400,5.00000,4.96106,0.00389
0.24450,5.00000,4.96145,0.00386
0.24500,5.00000,4.96183,0.00382
0.24550,5.00000,4.96221,0.00378
0.24600,5.00000,4.96258,0.00374
0.24650,5.00000,4.96295,0.00370
0.24700,5.00000,4.96332,0.00367
0.24750,5.00000,4.96368,0.00363
0.24800,5.00000,4.96404,0.00360
0.24850,5.00000,4.96440,0.00356
0.24900,5.00000,4.96475,0.00353
0.24950,5.00000,4.96510,0.00349
0.25000,5.00000,4.96544,0.00346
0.25050,5.00000,4.96579,0.00342
0.25100,5.00000,4.96612,0.00339
0.25150,5.00000,4.96646,0.00335
0.25200,5.00000,4.96679,0.00332
0.25250,5.00000,4.96712,0.00329
0.25300,5.00000,4.96744,0.00326
0.25350,5.00000,4.96777,0.00322
0.25400,5.00000,4.96809,0.00319
0.25450,5.00000,4.96840,0.00316
0.25500,5.00000,4.96871,0.00313
0.25550,5.00000,4.96902,0.00310
0.25600,5.00000,4.96933,0.00307
0.25650,5.00000,4.96963,0.00304
0.25700,5.00000,4.96993,0.00301
0.25750,5.00000,4.97023,0.00298
0.25800,5.00000,4.97053,0.00295
0.25850,5.00000,4.97082,0.00292
0.25900,5.00000,4.97111,0.00289
0.25950,5.00000,4.97139,0.00286
0.26000,5.00000,4.97167,0.00283
0.26050,5.00000,4.97196,0.00280
0.26100,5.00000,4.97223,0.00278
0.26150,5.00000,4.97251,0.00275
0.26200,5.00000,4.97278,0.00272
0.26250,5.00000,4.97305,0.00270
0.26300,5.00000,4.97332,0.00267
0.26350,5.00000,4.97358,0.00264
0.26400,5.00000,4.97384,0.00262
0.26450,5.00000,4.97410,0.00259
0.26500,5.00000,4.97436,0.00256
0.26550,5.00000,4.97461,0.00254
0.26600,5.00000,4.97486,0.00251
0.26650,5.00000,4.97511,0.00249
0.26700,5.00000,4.97536,0.00246
0.26750,5.00000,4.97560,0.00244
0.26800,5.00000,4.97584,0.00242
0.26850,5.00000,4.97608,0.00239
0.26900,5.00000,4.97632,0.00237
0.26950,5.00000,4.97655,0.00234
0.27000,5.00000,4.97678,0.00232
0.27050,5.00000,4.97701,0.00230
0.27100,5.00000,4.97724,0.00228
0.27150,5.00000,4.97747,0.00225
0.27200,5.00000,4.97769,0.00223
0.27250,5.00000,4.97791,0.00221
0.27300,5.00000,4.97813,0.00219
0.27350,5.00000,4.97834,0.00217
0.27400,5.00000,4.97856,0.00214
0.27450,5.00000,4.97877,0.00212
0.27500,5.00000,4.97898,0.00210
0.27550,5.00000,4.97919,0.00208
0.27600,5.00000,4.97939,0.00206
0.27650,5.00000,4.97960,0.00204
0.27700,5.00000,4.97980,0.00202
0.27750,5.00000,4.98000,0.00200
0.27800,5.00000,4.98020,0.00198
0.27850,5.00000,4.98039,0.00196
0.27900,5.00000,4.98059,0.00194
0.27950,5.00000,4.98078,0.00192
0.28000,5.00000,4.98097,0.00190
0.28050,5.00000,4.98116,0.00188
0.28100,5.00000,4.98134,0.00187
0.28150,5.00000,4.98153,0.00185
0.28200,5.00000,4.98171,0.00183
0.28250,5.00000,4.98189,0.00181
0.28300,5.00000,4.98207,0.00179
0.28350,5.00000,4.98225,0.00178
0.28400,5.00000,4.98242,0.00176
0.28450,5.00000,4.98260,0.00174
0.28500,5.00000,4.98277,0.00172
0.28550,5.00000,4.98294,0.00171
0.28600,5.00000,4.98311,0.00169
0.28650,5.00000,4.98327,0.00167
0.28700,5.00000,4.98344,0.00166
0.28750,5.00000,4.98360,0.00164
0.28800,5.00000,4.98377,0.00162
0.28850,5.00000,4.98393,0.00161
0.28900,5.00000,4.98409,0.00159
0.28950,5.00000,4.98424,0.00158
0.29000,5.00000,4.98440,0.00156
0.29050,5.00000,4.98455,0.00154
0.29100,5.00000,4.98471,0.00153
0.29150,5.00000,4.98486,0.00151
0.29200,5.00000,4.98501,0.00150
0.29250,5.00000,4.98515,0.00148
0.29300,5.00000,4.98530,0.00147
0.29350,5.00000,4.98545,0.00146
0.29400,5.00000,4.98559,0.00144
0.29450,5.00000,4.98573,0.00143
0.29500,5.00000,4.98587,0.00141
0.29550,5.00000,4.98601,0.00140
0.29600,5.00000,4.98615,0.00138
0.29650,5.00000,4.98629,0.00137
0.29700,5.00000,4.98642,0.00136
0.29750,5.00000,4.98656,0.00134
0.29800,5.00000,4.98669,0.00133
0.29850,5.00000,4.98682,0.00132
0.29900,5.00000,4.98695,0.00130
0.29950,5.00000,4.98708,0.00129
0.30000,5.00000,4.98721,0.00128
0.30050,5.00000,4.98734,0.00127
0.30100,5.00000,4.98746,0.00125
0.30150,5.00000,4.98759,0.00124
0.30200,5.00000,4.98771,0.00123
0.30250,5.00000,4.98783,0.00122
0.30300,5.00000,4.98795,0.00120
0.30350,5.00000,4.98807,0.00119
0.30400,5.00000,4.98819,0.00118
0.30450,5.00000,4.98830,0.00117
0.30500,5.00000,4.98842,0.00116
0.30550,5.00000,4.98853,0.00115
0.30600,5.00000,4.98865,0.00114
0.30650,5.00000,4.98876,0.00112
0.30700,5.00000,4.98887,0.00111
0.30750,5.00000,4.98898,0.00110
0.30800,5.00000,4.98909,0.00109
0.30850,5.00000,4.98920,0.00108
0.30900,5.00000,4.98931,0.00107
0.30950,5.00000,4.98941,0.00106
0.31000,5.00000,4.98952,0.00105
0.31050,5.00000,4.98962,0.00104
0.31100,5.00000,4.98972,0.00103
0.31150,5.00000,4.98982,0.00102
0.31200,5.00000,4.98992,0.00101
0.31250,5.00000,4.99002,0.00100
0.31300,5.00000,4.99012,0.00099
0.31350,5.00000,4.99022,0.00098
0.31400,5.00000,4.99032,0.00097
0.31450,5.00000,4.99041,0.00096
0.31500,5.00000,4.99051,0.00095
0.31550,5.00000,4.99060,0.00094
0.31600,5.00000,4.99069,0.00093
0.31650,5.00000,4.99079,0.00092
0.31700,5.00000,4.99088,0.00091
0.31750,5.00000,4.99097,0.00090
0.31800,5.00000,4.99106,0.00089
0.31850,5.00000,4.99115,0.00089
0.31900,5.00000,4.99123,0.00088
0.31950,5.00000,4.99132,0.00087
0.32000,5.00000,4.99141,0.00086
0.32050,5.00000,4.99149,0.00085
0.32100,5.00000,4.99157,0.00084
0.32150,5.00000,4.99166,0.00083
0.32200,5.00000,4.99174,0.00083
0.32250,5.00000,4.99182,0.00082
0.32300,5.00000,4.99190,0.00081
0.32350,5.00000,4.99198,0.00080
0.32400,5.00000,4.99206,0.00079
0.32450,5.00000,4.99214,0.00079
0.32500,5.00000,4.99222,0.00078
0.32550,5.00000,4.99229,0.00077
0.32600,5.00000,4.99237,0.00076
0.32650,5.00000,4.99245,0.00076
0.32700,5.00000,4.99252,0.00075
0.32750,5.00000,4.99259,0.00074
0.32800,5.00000,4.99267,0.00073
0.32850,5.00000,4.99274,0.00073
0.32900,5.00000,4.99281,0.00072
0.32950,5.00000,4.99288,0.00071
0.33000,5.00000,4.99295,0.00070
0.33050,5.00000,4.99302,0.00070
0.33100,5.00000,4.99309,0.00069
0.33150,5.00000,4.99316,0.00068
0.33200,5.00000,4.99323,0.00068
0.33250,5.00000,4.99329,0.00067
0.33300,5.00000,4.99336,0.00066
0.33350,5.00000,4.99342,0.00066
0.33400,5.00000,4.99349,0.00065
0.33450,5.00000,4.99355,0.00064
0.33500,5.00000,4.99362,0.00064
0.33550,5.00000,4.99368,0.00063
0.33600,5.00000,4.99374,0.00063
0.33650,5.00000,4.99380,0.00062
0.33700,5.00000,4.99387,0.00061
0.33750,5.00000,4.99393,0.00061
0.33800,5.00000,4.99399,0.00060
0.33850,5.00000,4.99405,0.00060
0.33900,5.00000,4.99410,0.00059
0.33950,5.00000,4.99416,0.00058
0.34000,5.00000,4.99422,0.00058
0.34050,5.00000,4.99428,0.00057
0.34100,5.00000,4.99433,0.00057
0.34150,5.00000,4.99439,0.00056
0.34200,5.00000,4.99444,0.00056
0.34250,5.00000,4.99450,0.00055
0.34300,5.00000,4.99455,0.00054
0.34350,5.00000,4.99461,0.00054
0.34400,5.00000,4.99466,0.00053
0.34450,5.00000,4.99471,0.00053
0.34500,5.00000,4.99476,0.00052
0.34550,5.00000,4.99482,0.00052
0.34600,5.00000,4.99487,0.00051
0.34650,5.00000,4.99492,0.00051
0.34700,5.00000,4.99497,0.00050
0.34750,5.00000,4.99502,0.00050
0.34800,5.00000,4.99507,0.00049
0.34850,5.00000,4.99512,0.00049
0.34900,5.00000,4.99516,0.00048
0.34950,5.00000,4.99521,0.00048
0.35000,5.00000,4.99526,0.00047
0.35050,5.00000,4.99531,0.00047
0.35100,5.00000,4.99535,0.00046
0.35150,5.00000,4.99540,0.00046
0.35200,5.00000,4.99544,0.00046
0.35250,5.00000,4.99549,0.00045
0.35300,5.00000,4.99553,0.00045
0.35350,5.00000,4.99558,0.00044
0.35400,5.00000,4.99562,0.00044
0.35450,5.00000,4.99566,0.00043
0.35500,5.00000,4.99571,0.00043
0.35550,5.00000,4.99575,0.00043
0.35600,5.00000,4.99579,0.00042
0.35650,5.00000,4.99583,0.00042
0.35700,5.00000,4.99587,0.00041
0.35750,5.00000,4.99591,0.00041
0.35800,5.00000,4.99595,0.00040
0.35850,5.00000,4.99599,0.00040
0.35900,5.00000,4.99603,0.00040
0.35950,5.00000,4.99607,0.00039
0.36000,5.00000,4.99611,0.00039
0.36050,5.00000,4.99615,0.00039
0.36100,5.00000,4.99619,0.00038
0.36150,5.00000,4.99622,0.00038
0.36200,5.00000,4.99626,0.00037
0.36250,5.00000,4.99630,0.00037
0.36300,5.00000,4.99633,0.00037
0.36350,5.00000,4.99637,0.00036
0.36400,5.00000,4.99641,0.00036
0.36450,5.00000,4.99644,0.00036
0.36500,5.00000,4.99648,0.00035
0.36550,5.00000,4.99651,0.00035
0.36600,5.00000,4.99655,0.00035
0.36650,5.00000,4.99658,0.00034
0.36700,5.00000,4.99661,0.00034
0.36750,5.00000,4.99665,0.00034
0.36800,5.00000,4.99668,0.00033
0.36850,5.00000,4.99671,0.00033
0.36900,5.00000,4.99675,0.00033
0.36950,5.00000,4.99678,0.00032
0.37000,5.00000,4.99681,0.00032
0.37050,5.00000,4.99684,0.00032
0.37100,5.00000,4.99687,0.00031
0.37150,5.00000,4.99690,0.00031
0.37200,5.00000,4.99693,0.00031
0.37250,5.00000,4.99696,0.00030
0.37300,5.00000,4.99699,0.00030
0.37350,5.00000,4.99702,0.00030
0.37400,5.00000,4.99705,0.00029
0.37450,5.00000,4.99708,0.00029
0.37500,5.00000,4.99711,0.00029
0.37550,5.00000,4.99714,0.00029
0.37600,5.00000,4.99717,0.00028
0.37650,5.00000,4.99719,0.00028
0.37700,5.00000,4.99722,0.00028
0.37750,5.00000,4.99725,0.00028
0.37800,5.00000,4.99728,0.00027
0.37850,5.00000,4.99730,0.00027
0.37900,5.00000,4.99733,0.00027
0.37950,5.00000,4.99736,0.00026
0.38000,5.00000,4.99738,0.00026
0.38050,5.00000,4.99741,0.00026
0.38100,5.00000,4.99743,0.00026
0.38150,5.00000,4.99746,0.00025
0.38200,5.00000,4.99748,0.00025
0.38250,5.00000,4.99751,0.00025
0.38300,5.00000,4.99753,0.00025
0.38350,5.00000,4.99756,0.00024
0.38400,5.00000,4.99758,0.00024
0.38450,5.00000,4.99760,0.00024
0.38500,5.00000,4.99763,0.00024
0.38550,5.00000,4.99765,0.00023
0.38600,5.00000,4.99767,0.00023
0.38650,5.00000,4.99770,0.00023
0.38700,5.00000,4.99772,0.00023
0.38750,5.00000,4.99774,0.00023
0.38800,5.00000,4.99776,0.00022
0.38850,5.00000,4.99779,0.00022
0.38900,5.00000,4.99781,0.00022
0.38950,5.00000,4.99783,0.00022
0.39000,5.00000,4.99785,0.00022
0.39050,5.00000,4.99787,0.00021
0.39100,5.00000,4.99789,0.00021
0.39150,5.00000,4.99791,0.00021
0.39200,5.00000,4.99793,0.00021
0.39250,5.00000,4.99795,0.00020
0.39300,5.00000,4.99797,0.00020
0.39350,5.00000,4.99799,0.00020
0.39400,5.00000,4.99801,0.00020
0.39450,5.00000,4.99803,0.00020
0.39500,5.00000,4.99805,0.00019
0.39550,5.00000,4.99807,0.00019
0.39600,5.00000,4.99809,0.00019
0.39650,5.00000,4.99811,0.00019
0.39700,5.00000,4.99813,0.00019
0.39750,5.00000,4.99814,0.00019
0.39800,5.00000,4.99816,0.00018
0.39850,5.00000,4.99818,0.00018
0.39900,5.00000,4.99820,0.00018
0.39950,5.00000,4.99822,0.00018
0.40000,5.00000,4.99823,0.00018
0.40050,5.00000,4.99825,0.00017
0.40100,5.00000,4.99827,0.00017
0.40150,5.00000,4.99828,0.00017
0.40200,5.00000,4.99830,0.00017
0.40250,5.00000,4.99832,0.00017
0.40300,5.00000,4.99833,0.00017
0.40350,5.00000,4.99835,0.00016
0.40400,5.00000,4.99837,0.00016
0.40450,5.00000,4.99838,0.00016
0.40500,5.00000,4.99840,0.00016
0.40550,5.00000,4.99841,0.00016
0.40600,5.00000,4.99843,0.00016
0.40650,5.00000,4.99844,0.00016
0.40700,5.00000,4.99846,0.00015
0.40750,5.00000,4.99847,0.00015
0.40800,5.00000,4.99849,0.00015
0.40850,5.00000,4.99850,0.00015
0.40900,5.00000,4.99852,0.00015
0.40950,5.00000,4.99853,0.00015
0.41000,5.00000,4.99855,0.00015
0.41050,5.00000,4.99856,0.00014
0.41100,5.00000,4.99858,0.00014
0.41150,5.00000,4.99859,0.00014
0.41200,5.00000,4.99860,0.00014
0.41250,5.00000,4.99862,0.00014
0.41300,5.00000,4.99863,0.00014
0.41350,5.00000,4.99864,0.00014
0.41400,5.00000,4.99866,0.00013
0.41450,5.00000,4.99867,0.00013
0.41500,5.00000,4.99868,0.00013
0.41550,5.00000,4.99870,0.00013
0.41600,5.00000,4.99871,0.00013
0.41650,5.00000,4.99872,0.00013
0.41700,5.00000,4.99873,0.00013
0.41750,5.00000,4.99875,0.00013
0.41800,5.00000,4.99876,0.00012
0.41850,5.00000,4.99877,0.00012
0.41900,5.00000,4.99878,0.00012
0.41950,5.00000,4.99880,0.00012
0.42000,5.00000,4.99881,0.00012
0.42050,5.00000,4.99882,0.00012
0.42100,5.00000,4.99883,0.00012
0.42150,5.00000,4.99884,0.00012
0.42200,5.00000,4.99885,0.00011
0.42250,5.00000,4.99886,0.00011
0.42300,5.00000,4.99888,0.00011
0.42350,5.00000,4.99889,0.00011
0.42400,5.00000,4.99890,0.00011
0.42450,5.00000,4.99891,0.00011
0.42500,5.00000,4.99892,0.00011
0.42550,5.00000,4.99893,0.00011
0.42600,5.00000,4.99894,0.00011
0.42650,5.00000,4.99895,0.00010
0.42700,5.00000,4.99896,0.00010
0.42750,5.00000,4.99897,0.00010
0.42800,5.00000,4.99898,0.00010
0.42850,5.00000,4.99899,0.00010
0.42900,5.00000,4.99900,0.00010
0.42950,5.00000,4.99901,0.00010
0.43000,5.00000,4.99902,0.00010
0.43050,5.00000,4.99903,0.00010
0.43100,5.00000,4.99904,0.00010
0.43150,5.00000,4.99905,0.00010
0.43200,5.00000,4.99906,0.00009
0.43250,5.00000,4.99907,0.00009
0.43300,5.00000,4.99907,0.00009
0.43350,5.00000,4.99908,0.00009
0.43400,5.00000,4.99909,0.00009
0.43450,5.00000,4.99910,0.00009
0.43500,5.00000,4.99911,0.00009
0.43550,5.00000,4.99912,0.00009
0.43600,5.00000,4.99913,0.00009
0.43650,5.00000,4.99913,0.00009
0.43700,5.00000,4.99914,0.00009
0.43750,5.00000,4.99915,0.00008
0.43800,5.00000,4.99916,0.00008
0.43850,5.00000,4.99917,0.00008
0.43900,5.00000,4.99918,0.00008
0.43950,5.00000,4.99918,0.00008
0.44000,5.00000,4.99919,0.00008
0.44050,5.00000,4.99920,0.00008
0.44100,5.00000,4.99921,0.00008
0.44150,5.00000,4.99921,0.00008
0.44200,5.00000,4.99922,0.00008
0.44250,5.00000,4.99923,0.00008
0.44300,5.00000,4.99924,0.00008
0.44350,5.00000,4.99924,0.00008
0.44400,5.00000,4.99925,0.00007
0.44450,5.00000,4.99926,0.00007
0.44500,5.00000,4.99927,0.00007
0.44550,5.00000,4.99927,0.00007
0.44600,5.00000,4.99928,0.00007
0.44650,5.00000,4.99929,0.00007
0.44700,5.00000,4.99929,0.00007
0.44750,5.00000,4.99930,0.00007
0.44800,5.00000,4.99931,0.00007
0.44850,5.00000,4.99931,0.00007
0.44900,5.00000,4.99932,0.00007
0.44950,5.00000,4.99933,0.00007
0.45000,5.00000,4.99933,0.00007
0.45050,5.00000,4.99934,0.00007
0.45100,5.00000,4.99935,0.00007
0.45150,5.00000,4.99935,0.00006
0.45200,5.00000,4.99936,0.00006
0.45250,5.00000,4.99936,0.00006
0.45300,5.00000,4.99937,0.00006
0.45350,5.00000,4.99938,0.00006
0.45400,5.00000,4.99938,0.00006
0.45450,5.00000,4.99939,0.00006
0.45500,5.00000,4.99939,0.00006
0.45550,5.00000,4.99940,0.00006
0.45600,5.00000,4.99941,0.00006
0.45650,5.00000,4.99941,0.00006
0.45700,5.00000,4.99942,0.00006
0.45750,5.00000,4.99942,0.00006
0.45800,5.00000,4.99943,0.00006
0.45850,5.00000,4.99943,0.00006
0.45900,5.00000,4.99944,0.00006
0.45950,5.00000,4.99944,0.00006
0.46000,5.00000,4.99945,0.00005
0.46050,5.00000,4.99946,0.00005
0.46100,5.00000,4.99946,0.00005
0.46150,5.00000,4.99947,0.00005
0.46200,5.00000,4.99947,0.00005
0.46250,5.00000,4.99948,0.00005
0.46300,5.00000,4.99948,0.00005
0.46350,5.00000,4.99949,0.00005
0.46400,5.00000,4.99949,0.00005
0.46450,5.00000,4.99950,0.00005
0.46500,5.00000,4.99950,0.00005
0.46550,5.00000,4.99951,0.00005
0.46600,5.00000,4.99951,0.00005
0.46650,5.00000,4.99952,0.00005
0.46700,5.00000,4.99952,0.00005
0.46750,5.00000,4.99952,0.00005
0.46800,5.00000,4.99953,0.00005
0.46850,5.00000,4.99953,0.00005
0.46900,5.00000,4.99954,0.00005
0.46950,5.00000,4.99954,0.00005
0.47000,5.00000,4.99955,0.00005
0.47050,5.00000,4.99955,0.00004
0.47100,5.00000,4.99955,0.00004
0.47150,5.00000,4.99956,0.00004
0.47200,5.00000,4.99956,0.00004
0.47250,5.00000,4.99957,0.00004
0.47300,5.00000,4.99957,0.00004
0.47350,5.00000,4.99957,0.00004
0.47400,5.00000,4.99958,0.00004
0.47450,5.00000,4.99958,0.00004
0.47500,5.00000,4.99959,0.00004
0.47550,5.00000,4.99959,0.00004
0.47600,5.00000,4.99959,0.00004
0.47650,5.00000,4.99960,0.00004
0.47700,5.00000,4.99960,0.00004
0.47750,5.00000,4.99961,0.00004
0.47800,5.00000,4.99961,0.00004
0.47850,5.00000,4.99961,0.00004
0.47900,5.00000,4.99962,0.00004
0.47950,5.00000,4.99962,0.00004
0.48000,5.00000,4.99962,0.00004
0.48050,5.00000,4.99963,0.00004
0.48100,5.00000,4.99963,0.00004
0.48150,5.00000,4.99963,0.00004
0.48200,5.00000,4.99964,0.00004
0.48250,5.00000,4.99964,0.00004
0.48300,5.00000,4.99964,0.00004
0.48350,5.00000,4.99965,0.00004
0.48400,5.00000,4.99965,0.00003
0.48450,5.00000,4.99965,0.00003
0.48500,5.00000,4.99966,0.00003
0.48550,5.00000,4.99966,0.00003
0.48600,5.00000,4.99966,0.00003
0.48650,5.00000,4.99967,0.00003
0.48700,5.00000,4.99967,0.00003
0.48750,5.00000,4.99967,0.00003
0.48800,5.00000,4.99968,0.00003
0.48850,5.00000,4.99968,0.00003
0.48900,5.00000,4.99968,0.00003
0.48950,5.00000,4.99969,0.00003
0.49000,5.00000,4.99969,0.00003
0.49050,5.00000,4.99969,0.00003
0.49100,5.00000,4.99969,0.00003
0.49150,5.00000,4.99970,0.00003
0.49200,5.00000,4.99970,0.00003
0.49250,5.00000,4.99970,0.00003
0.49300,5.00000,4.99971,0.00003
0.49350,5.00000,4.99971,0.00003
0.49400,5.00000,4.99971,0.00003
0.49450,5.00000,4.99971,0.00003
0.49500,5.00000,4.99972,0.00003
0.49550,5.00000,4.99972,0.00003
0.49600,5.00000,4.99972,0.00003
0.49650,5.00000,4.99972,0.00003
0.49700,5.00000,4.99973,0.00003
0.49750,5.00000,4.99973,0.00003
0.49800,5.00000,4.99973,0.00003
0.49850,5.00000,4.99973,0.00003
0.49900,5.00000,4.99974,0.00003
0.49950,5.00000,4.99974,0.00003
0.50000,5.00000,4.99974,0.00003
0.50050,5.00000,4.99974,0.00003
0.50100,5.00000,4.99975,0.00003
0.50150,5.00000,4.99975,0.00003
0.50200,5.00000,4.99975,0.00002
0.50250,5.00000,4.99975,0.00002
0.50300,5.00000,4.99975,0.00002
0.50350,5.00000,4.99976,0.00002
0.50400,5.00000,4.99976,0.00002
0.50450,5.00000,4.99976,0.00002
0.50500,5.00000,4.99976,0.00002
0.50550,5.00000,4.99977,0.00002
0.50600,5.00000,4.99977,0.00002
0.50650,5.00000,4.99977,0.00002
0.50700,5.00000,4.99977,0.00002
0.50750,5.00000,4.99977,0.00002
0.50800,5.00000,4.99978,0.00002
0.50850,5.00000,4.99978,0.00002
0.50900,5.00000,4.99978,0.00002
0.50950,5.00000,4.99978,0.00002
0.51000,5.00000,4.99978,0.00002
0.51050,5.00000,4.99979,0.00002
0.51100,5.00000,4.99979,0.00002
0.51150,5.00000,4.99979,0.00002
0.51200,5.00000,4.99979,0.00002
0.51250,5.00000,4.99979,0.00002
0.51300,5.00000,4.99979,0.00002
0.51350,5.00000,4.99980,0.00002
0.51400,5.00000,4.99980,0.00002
0.51450,5.00000,4.99980,0.00002
0.51500,5.00000,4.99980,0.00002
0.51550,5.00000,4.99980,0.00002
0.51600,5.00000,4.99981,0.00002
0.51650,5.00000,4.99981,0.00002
0.51700,5.00000,4.99981,0.00002
0.51750,5.00000,4.99981,0.00002
0.51800,5.00000,4.99981,0.00002
0.51850,5.00000,4.99981,0.00002
0.51900,5.00000,4.99981,0.00002
0.51950,5.00000,4.99982,0.00002
0.52000,5.00000,4.99982,0.00002
0.52050,5.00000,4.99982,0.00002
0.52100,5.00000,4.99982,0.00002
0.52150,5.00000,4.99982,0.00002
0.52200,5.00000,4.99983,0.00002
0.52250,5.00000,4.99983,0.00002
0.52300,5.00000,4.99983,0.00002
0.52350,5.00000,4.99983,0.00002
0.52400,5.00000,4.99983,0.00002
0.52450,5.00000,4.99983,0.00002
0.52500,5.00000,4.99983,0.00002
0.52550,5.00000,4.99984,0.00002
0.52600,5.00000,4.99984,0.00002
0.52650,5.00000,4.99984,0.00002
0.52700,5.00000,4.99984,0.00002
0.52750,5.00000,4.99984,0.00002
0.52800,5.00000,4.99984,0.00002
0.52850,5.00000,4.99984,0.00002
0.52900,5.00000,4.99985,0.00002
0.52950,5.00000,4.99985,0.00002
0.53000,5.00000,4.99985,0.00002
0.53050,5.00000,4.99985,0.00002
0.53100,5.00000,4.99985,0.00001
0.53150,5.00000,4.99985,0.00001
0.53200,5.00000,4.99985,0.00001
0.53250,5.00000,4.99985,0.00001
0.53300,5.00000,4.99986,0.00001
0.53350,5.00000,4.99986,0.00001
0.53400,5.00000,4.99986,0.00001
0.53450,5.00000,4.99986,0.00001
0.53500,5.00000,4.99986,0.00001
0.53550,5.00000,4.99986,0.00001
0.53600,5.00000,4.99986,0.00001
0.53650,5.00000,4.99986,0.00001
0.53700,5.00000,4.99986,0.00001
0.53750,5.00000,4.99987,0.00001
0.53800,5.00000,4.99987,0.00001
0.53850,5.00000,4.99987,0.00001
0.53900,5.00000,4.99987,0.00001
0.53950,5.00000,4.99987,0.00001
0.54000,5.00000,4.99987,0.00001
0.54050,5.00000,4.99987,0.00001
0.54100,5.00000,4.99987,0.00001
0.54150,5.00000,4.99987,0.00001
0.54200,5.00000,4.99988,0.00001
0.54250,5.00000,4.99988,0.00001
0.54300,5.00000,4.99988,0.00001
0.54350,5.00000,4.99988,0.00001
0.54400,5.00000,4.99988,0.00001
0.54450,5.00000,4.99988,0.00001
0.54500,5.00000,4.99988,0.00001
0.54550,5.00000,4.99988,0.00001
0.54600,5.00000,4.99988,0.00001
0.54650,5.00000,4.99988,0.00001
0.54700,5.00000,4.99989,0.00001
0.54750,5.00000,4.99989,0.00001
0.54800,5.00000,4.99989,0.00001
0.54850,5.00000,4.99989,0.00001
0.54900,5.00000,4.99989,0.00001
0.54950,5.00000,4.99989,0.00001
0.55000,5.00000,4.99989,0.00001
0.55050,5.00000,4.99989,0.00001
0.55100,5.00000,4.99989,0.00001
0.55150,5.00000,4.99989,0.00001
0.55200,5.00000,4.99989,0.00001
0.55250,5.00000,4.99990,0.00001
0.55300,5.00000,4.99990,0.00001
0.55350,5.00000,4.99990,0.00001
0.55400,5.00000,4.99990,0.00001
0.55450,5.00000,4.99990,0.00001
0.55500,5.00000,4.99990,0.00001
0.55550,5.00000,4.99990,0.00001
0.55600,5.00000,4.99990,0.00001
0.55650,5.00000,4.99990,0.00001
0.55700,5.00000,4.99990,0.00001
0.55750,5.00000,4.99990,0.00001
0.55800,5.00000,4.99990,0.00001
0.55850,5.00000,4.99990,0.00001
0.55900,5.00000,4.99991,0.00001
0.55950,5.00000,4.99991,0.00001
0.56000,5.00000,4.99991,0.00001
0.56050,5.00000,4.99991,0.00001
0.56100,5.00000,4.99991,0.00001
0.56150,5.00000,4.99991,0.00001
0.56200,5.00000,4.99991,0.00001
0.56250,5.00000,4.99991,0.00001
0.56300,5.00000,4.99991,0.00001
0.56350,5.00000,4.99991,0.00001
0.56400,5.00000,4.99991,0.00001
0.56450,5.00000,4.99991,0.00001
0.56500,5.00000,4.99991,0.00001
0.56550,5.00000,4.99991,0.00001
0.56600,5.00000,4.99991,0.00001
0.56650,5.00000,4.99992,0.00001
0.56700,5.00000,4.99992,0.00001
0.56750,5.00000,4.99992,0.00001
0.56800,5.00000,4.99992,0.00001
0.56850,5.00000,4.99992,0.00001
0.56900,5.00000,4.99992,0.00001
0.56950,5.00000,4.99992,0.00001
0.57000,5.00000,4.99992,0.00001
0.57050,5.00000,4.99992,0.00001
0.57100,5.00000,4.99992,0.00001
0.57150,5.00000,4.99992,0.00001
0.57200,5.00000,4.99992,0.00001
0.57250,5.00000,4.99992,0.00001
0.57300,5.00000,4.99992,0.00001
0.57350,5.00000,4.99992,0.00001
0.57400,5.00000,4.99992,0.00001
0.57450,5.00000,4.99992,0.00001
0.57500,5.00000,4.99992,0.00001
0.57550,5.00000,4.99993,0.00001
0.57600,5.00000,4.99993,0.00001
0.57650,5.00000,4.99993,0.00001
0.57700,5.00000,4.99993,0.00001
0.57750,5.00000,4.99993,0.00001
0.57800,5.00000,4.99993,0.00001
0.57850,5.00000,4.99993,0.00001
0.57900,5.00000,4.99993,0.00001
0.57950,5.00000,4.99993,0.00001
0.58000,5.00000,4.99993,0.00001
0.58050,5.00000,4.99993,0.00001
0.58100,5.00000,4.99993,0.00001
0.58150,5.00000,4.99993,0.00001
0.58200,5.00000,4.99993,0.00001
0.58250,5.00000,4.99993,0.00001
0.58300,5.00000,4.99993,0.00001
0.58350,5.00000,4.99993,0.00001
0.58400,5.00000,4.99993,0.00001
0.58450,5.00000,4.99993,0.00001
0.58500,5.00000,4.99993,0.00001
0.58550,5.00000,4.99993,0.00001
0.58600,5.00000,4.99994,0.00001
0.58650,5.00000,4.99994,0.00001
0.58700,5.00000,4.99994,0.00001
0.58750,5.00000,4.99994,0.00001
0.58800,5.00000,4.99994,0.00001
0.58850,5.00000,4.99994,0.00001
0.58900,5.00000,4.99994,0.00001
0.58950,5.00000,4.99994,0.00001
0.59000,5.00000,4.99994,0.00001
0.59050,5.00000,4.99994,0.00001
0.59100,5.00000,4.99994,0.00001
0.59150,5.00000,4.99994,0.00001
0.59200,5.00000,4.99994,0.00001
0.59250,5.00000,4.99994,0.00001
0.59300,5.00000,4.99994,0.00001
0.59350,5.00000,4.99994,0.00001
0.59400,5.00000,4.99994,0.00001
0.59450,5.00000,4.99994,0.00001
0.59500,5.00000,4.99994,0.00001
0.59550,5.00000,4.99994,0.00001
0.59600,5.00000,4.99994,0.00001
0.59650,5.00000,4.99994,0.00001
0.59700,5.00000,4.99994,0.00001
0.59750,5.00000,4.99994,0.00001
0.59800,5.00000,4.99994,0.00001
0.59850,5.00000,4.99994,0.00001
0.59900,5.00000,4.99994,0.00001
0.59950,5.00000,4.99994,0.00001
0.60000,5.00000,4.99994,0.00001
0.60050,5.00000,4.99994,0.00001
0.60100,5.00000,4.99994,0.00001
0.60150,5.00000,4.99994,0.00001
0.60200,5.00000,4.99994,0.00001
0.60250,5.00000,4.99994,0.00001
0.60300,5.00000,4.99994,0.00001
0.60350,5.00000,4.99994,0.00001
0.60400,5.00000,4.99994,0.00001
0.60450,5.00000,4.99994,0.00001
0.60500,5.00000,4.99994,0.00001
0.60550,5.00000,4.99994,0.00001
0.60600,5.00000,4.99994,0.00001
0.60650,5.00000,4.99994,0.00001
0.60700,5.00000,4.99994,0.00001
0.60750,5.00000,4.99994,0.00001
0.60800,5.00000,4.99994,0.00001
0.60850,5.00000,4.99994,0.00001
0.60900,5.00000,4.99994,0.00001
0.60950,5.00000,4.99994,0.00001
0.61000,5.00000,4.99994,0.00001
0.61050,5.00000,4.99994,0.00001
0.61100,5.00000,4.99994,0.00001
0.61150,5.00000,4.99994,0.00001
0.61200,5.00000,4.99994,0.00001
0.61250,5.00000,4.99994,0.00001
0.61300,5.00000,4.99994,0.00001
0.61350,5.00000,4.99994,0.00001
0.61400,5.00000,4.99994,0.00001
0.61450,5.00000,4.99994,0.00001
0.61500,5.00000,4.99994,0.00001
0.61550,5.00000,4.99994,0.00001
0.61600,5.00000,4.99994,0.00001
0.61650,5.00000,4.99994,0.00001
0.61700,5.00000,4.99994,0.00001
0.61750,5.00000,4.99994,0.00001
0.61800,5.00000,4.99994,0.00001
0.61850,5.00000,4.99994,0.00001
0.61900,5.00000,4.99994,0.00001
0.61950,5.00000,4.99994,0.00001
0.62000,5.00000,4.99994,0.00001
0.62050,5.00000,4.99994,0.00001
0.62100,5.00000,4.99994,0.00001
0.62150,5.00000,4.99994,0.00001
0.62200,5.00000,4.99994,0.00001
0.62250,5.00000,4.99994,0.00001
0.62300,5.00000,4.99994,0.00001
0.62350,5.00000,4.99994,0.00001
0.62400,5.00000,4.99994,0.00001
0.62450,5.00000,4.99994,0.00001
0.62500,5.00000,4.99994,0.00001
0.62550,5.00000,4.99994,0.00001
0.62600,5.00000,4.99994,0.00001
0.62650,5.00000,4.99994,0.00001
0.62700,5.00000,4.99994,0.00001
0.62750,5.00000,4.99994,0.00001
0.62800,5.00000,4.99994,0.00001
0.62850,5.00000,4.99994,0.00001
0.62900,5.00000,4.99994,0.00001
0.62950,5.00000,4.99994,0.00001
0.63000,5.00000,4.99994,0.00001
0.63050,5.00000,4.99994,0.00001
0.63100,5.00000,4.99994,0.00001
0.63150,5.00000,4.99994,0.00001
0.63200,5.00000,4.99994,0.00001
0.63250,5.00000,4.99994,0.00001
0.63300,5.00000,4.99994,0.00001
0.63350,5.00000,4.99994,0.00001
0.63400,5.00000,4.99994,0.00001
0.63450,5.00000,4.99994,0.00001
0.63500,5.00000,4.99994,0.00001
0.63550,5.00000,4.99994,0.00001
0.63600,5.00000,4.99994,0.00001
0.63650,5.00000,4.99994,0.00001
0.63700,5.00000,4.99994,0.00001
0.63750,5.00000,4.99994,0.00001
0.63800,5.00000,4.99994,0.00001
0.63850,5.00000,4.99994,0.00001
0.63900,5.00000,4.99994,0.00001
0.63950,5.00000,4.99994,0.00001
0.64000,5.00000,4.99994,0.00001
0.64050,5.00000,4.99994,0.00001
0.64100,5.00000,4.99994,0.00001
0.64150,5.00000,4.99994,0.00001
0.64200,5.00000,4.99994,0.00001
0.64250,5.00000,4.99994,0.00001
0.64300,5.00000,4.99994,0.00001
0.64350,5.00000,4.99994,0.00001
0.64400,5.00000,4.99994,0.00001
0.64450,5.00000,4.99994,0.00001
0.64500,5.00000,4.99994,0.00001
0.64550,5.00000,4.99994,0.00001
0.64600,5.00000,4.99994,0.00001
0.64650,5.00000,4.99994,0.00001
0.64700,5.00000,4.99994,0.00001
0.64750,5.00000,4.99994,0.00001
0.64800,5.00000,4.99994,0.00001
0.64850,5.00000,4.99994,0.00001
0.64900,5.00000,4.99994,0.00001
0.64950,5.00000,4.99994,0.00001
0.65000,5.00000,4.99994,0.00001
0.65050,5.00000,4.99994,0.00001
0.65100,5.00000,4.99994,0.00001
0.65150,5.00000,4.99994,0.00001
0.65200,5.00000,4.99994,0.00001
0.65250,5.00000,4.99994,0.00001
0.65300,5.00000,4.99994,0.00001
0.65350,5.00000,4.99994,0.00001
0.65400,5.00000,4.99994,0.00001
0.65450,5.00000,4.99994,0.00001
0.65500,5.00000,4.99994,0.00001
0.65550,5.00000,4.99994,0.00001
0.65600,5.00000,4.99994,0.00001
0.65650,5.00000,4.99994,0.00001
0.65700,5.00000,4.99994,0.00001
0.65750,5.00000,4.99994,0.00001
0.65800,5.00000,4.99994,0.00001
0.65850,5.00000,4.99994,0.00001
0.65900,5.00000,4.99994,0.00001
0.65950,5.00000,4.99994,0.00001
0.66000,5.00000,4.99994,0.00001
0.66050,5.00000,4.99994,0.00001
0.66100,5.00000,4.99994,0.00001
0.66150,5.00000,4.99994,0.00001
0.66200,5.00000,4.99994,0.00001
0.66250,5.00000,4.99994,0.00001
0.66300,5.00000,4.99994,0.00001
0.66350,5.00000,4.99994,0.00001
0.66400,5.00000,4.99994,0.00001
0.66450,5.00000,4.99994,0.00001
0.66500,5.00000,4.99994,0.00001
0.66550,5.00000,4.99994,0.00001
0.66600,5.00000,4.99994,0.00001
0.66650,5.00000,4.99994,0.00001
0.66700,5.00000,4.99994,0.00001
0.66750,5.00000,4.99994,0.00001
0.66800,5.00000,4.99994,0.00001
0.66850,5.00000,4.99994,0.00001
0.66900,5.00000,4.99994,0.00001
0.66950,5.00000,4.99994,0.00001
0.67000,5.00000,4.99994,0.00001
0.67050,5.00000,4.99994,0.00001
0.67100,5.00000,4.99994,0.00001
0.67150,5.00000,4.99994,0.00001
0.67200,5.00000,4.99994,0.00001
0.67250,5.00000,4.99994,0.00001
0.67300,5.00000,4.99994,0.00001
0.67350,5.00000,4.99994,0.00001
0.67400,5.00000,4.99994,0.00001
0.67450,5.00000,4.99994,0.00001
0.67500,5.00000,4.99994,0.00001
0.67550,5.00000,4.99994,0.00001
0.67600,5.00000,4.99994,0.00001
0.67650,5.00000,4.99994,0.00001
0.67700,5.00000,4.99994,0.00001
0.67750,5.00000,4.99994,0.00001
0.67800,5.00000,4.99994,0.00001
0.67850,5.00000,4.99994,0.00001
0.67900,5.00000,4.99994,0.00001
0.67950,5.00000,4.99994,0.00001
0.68000,5.00000,4.99994,0.00001
0.68050,5.00000,4.99994,0.00001
0.68100,5.00000,4.99994,0.00001
0.68150,5.00000,4.99994,0.00001
0.68200,5.00000,4.99994,0.00001
0.68250,5.00000,4.99994,0.00001
0.68300,5.00000,4.99994,0.00001
0.68350,5.00000,4.99994,0.00001
0.68400,5.00000,4.99994,0.00001
0.68450,5.00000,4.99994,0.00001
0.68500,5.00000,4.99994,0.00001
0.68550,5.00000,4.99994,0.00001
0.68600,5.00000,4.99994,0.00001
0.68650,5.00000,4.99994,0.00001
0.68700,5.00000,4.99994,0.00001
0.68750,5.00000,4.99994,0.00001
0.68800,5.00000,4.99994,0.00001
0.68850,5.00000,4.99994,0.00001
0.68900,5.00000,4.99994,0.00001
0.68950,5.00000,4.99994,0.00001
0.69000,5.00000,4.99994,0.00001
0.69050,5.00000,4.99994,0.00001
0.69100,5.00000,4.99994,0.00001
0.69150,5.00000,4.99994,0.00001
0.69200,5.00000,4.99994,0.00001
0.69250,5.00000,4.99994,0.00001
0.69300,5.00000,4.99994,0.00001
0.69350,5.00000,4.99994,0.00001
0.69400,5.00000,4.99994,0.00001
0.69450,5.00000,4.99994,0.00001
0.69500,5.00000,4.99994,0.00001
0.69550,5.00000,4.99994,0.00001
0.69600,5.00000,4.99994,0.00001
0.69650,5.00000,4.99994,0.00001
0.69700,5.00000,4.99994,0.00001
0.69750,5.00000,4.99994,0.00001
0.69800,5.00000,4.99994,0.00001
0.69850,5.00000,4.99994,0.00001
0.69900,5.00000,4.99994,0.00001
0.69950,5.00000,4.99994,0.00001
0.70000,5.00000,4.99994,0.00001
0.70050,5.00000,4.99994,0.00001
0.70100,5.00000,4.99994,0.00001
0.70150,5.00000,4.99994,0.00001
0.70200,5.00000,4.99994,0.00001
0.70250,5.00000,4.99994,0.00001
0.70300,5.00000,4.99994,0.00001
0.70350,5.00000,4.99994,0.00001
0.70400,5.00000,4.99994,0.00001
0.70450,5.00000,4.99994,0.00001
0.70500,5.00000,4.99994,0.00001
0.70550,5.00000,4.99994,0.00001
0.70600,5.00000,4.99994,0.00001
0.70650,5.00000,4.99994,0.00001
0.70700,5.00000,4.99994,0.00001
0.70750,5.00000,4.99994,0.00001
0.70800,5.00000,4.99994,0.00001
0.70850,5.00000,4.99994,0.00001
0.70900,5.00000,4.99994,0.00001
0.70950,5.00000,4.99994,0.00001
0.71000,5.00000,4.99994,0.00001
0.71050,5.00000,4.99994,0.00001
0.71100,5.00000,4.99994,0.00001
0.71150,5.00000,4.99994,0.00001
0.71200,5.00000,4.99994,0.00001
0.71250,5.00000,4.99994,0.00001
0.71300,5.00000,4.99994,0.00001
0.71350,5.00000,4.99994,0.00001
0.71400,5.00000,4.99994,0.00001
0.71450,5.00000,4.99994,0.00001
0.71500,5.00000,4.99994,0.00001
0.71550,5.00000,4.99994,0.00001
0.71600,5.00000,4.99994,0.00001
0.71650,5.00000,4.99994,0.00001
0.71700,5.00000,4.99994,0.00001
0.71750,5.00000,4.99994,0.00001
0.71800,5.00000,4.99994,0.00001
0.71850,5.00000,4.99994,0.00001
0.71900,5.00000,4.99994,0.00001
0.71950,5.00000,4.99994,0.00001
0.72000,5.00000,4.99994,0.00001
0.72050,5.00000,4.99994,0.00001
0.72100,5.00000,4.99994,0.00001
0.72150,5.00000,4.99994,0.00001
0.72200,5.00000,4.99994,0.00001
0.72250,5.00000,4.99994,0.00001
0.72300,5.00000,4.99994,0.00001
0.72350,5.00000,4.99994,0.00001
0.72400,5.00000,4.99994,0.00001
0.72450,5.00000,4.99994,0.00001
0.72500,5.00000,4.99994,0.00001
0.72550,5.00000,4.99994,0.00001
0.72600,5.00000,4.99994,0.00001
0.72650,5.00000,4.99994,0.00001
0.72700,5.00000,4.99994,0.00001
0.72750,5.00000,4.99994,0.00001
0.72800,5.00000,4.99994,0.00001
0.72850,5.00000,4.99994,0.00001
0.72900,5.00000,4.99994,0.00001
0.72950,5.00000,4.99994,0.00001
0.73000,5.00000,4.99994,0.00001
0.73050,5.00000,4.99994,0.00001
0.73100,5.00000,4.99994,0.00001
0.73150,5.00000,4.99994,0.00001
0.73200,5.00000,4.99994,0.00001
0.73250,5.00000,4.99994,0.00001
0.73300,5.00000,4.99994,0.00001
0.73350,5.00000,4.99994,0.00001
0.73400,5.00000,4.99994,0.00001
0.73450,5.00000,4.99994,0.00001
0.73500,5.00000,4.99994,0.00001
0.73550,5.00000,4.99994,0.00001
0.73600,5.00000,4.99994,0.00001
0.73650,5.00000,4.99994,0.00001
0.73700,5.00000,4.99994,0.00001
0.73750,5.00000,4.99994,0.00001
0.73800,5.00000,4.99994,0.00001
0.73850,5.00000,4.99994,0.00001
0.73900,5.00000,4.99994,0.00001
0.73950,5.00000,4.99994,0.00001
0.74000,5.00000,4.99994,0.00001
0.74050,5.00000,4.99994,0.00001
0.74100,5.00000,4.99994,0.00001
0.74150,5.00000,4.99994,0.00001
0.74200,5.00000,4.99994,0.00001
0.74250,5.00000,4.99994,0.00001
0.74300,5.00000,4.99994,0.00001
0.74350,5.00000,4.99994,0.00001
0.74400,5.00000,4.99994,0.00001
0.74450,5.00000,4.99994,0.00001
0.74500,5.00000,4.99994,0.00001
0.74550,5.00000,4.99994,0.00001
0.74600,5.00000,4.99994,0.00001
0.74650,5.00000,4.99994,0.00001
0.74700,5.00000,4.99994,0.00001
0.74750,5.00000,4.99994,0.00001
0.74800,5.00000,4.99994,0.00001
0.74850,5.00000,4.99994,0.00001
0.74900,5.00000,4.99994,0.00001
0.74950,5.00000,4.99994,0.00001
0.75000,5.00000,4.99994,0.00001
0.75050,5.00000,4.99994,0.00001
0.75100,5.00000,4.99994,0.00001
0.75150,5.00000,4.99994,0.00001
0.75200,5.00000,4.99994,0.00001
0.75250,5.00000,4.99994,0.00001
0.75300,5.00000,4.99994,0.00001
0.75350,5.00000,4.99994,0.00001
0.75400,5.00000,4.99994,0.00001
0.75450,5.00000,4.99994,0.00001
0.75500,5.00000,4.99994,0.00001
0.75550,5.00000,4.99994,0.00001
0.75600,5.00000,4.99994,0.00001
0.75650,5.00000,4.99994,0.00001
0.75700,5.00000,4.99994,0.00001
0.75750,5.00000,4.99994,0.00001
0.75800,5.00000,4.99994,0.00001
0.75850,5.00000,4.99994,0.00001
0.75900,5.00000,4.99994,0.00001
0.75950,5.00000,4.99994,0.00001
0.76000,5.00000,4.99994,0.00001
0.76050,5.00000,4.99994,0.00001
0.76100,5.00000,4.99994,0.00001
0.76150,5.00000,4.99994,0.00001
0.76200,5.00000,4.99994,0.00001
0.76250,5.00000,4.99994,0.00001
0.76300,5.00000,4.99994,0.00001
0.76350,5.00000,4.99994,0.00001
0.76400,5.00000,4.99994,0.00001
0.76450,5.00000,4.99994,0.00001
0.76500,5.00000,4.99994,0.00001
0.76550,5.00000,4.99994,0.00001
0.76600,5.00000,4.99994,0.00001
0.76650,5.00000,4.99994,0.00001
0.76700,5.00000,4.99994,0.00001
0.76750,5.00000,4.99994,0.00001
0.76800,5.00000,4.99994,0.00001
0.76850,5.00000,4.99994,0.00001
0.76900,5.00000,4.99994,0.00001
0.76950,5.00000,4.99994,0.00001
0.77000,5.00000,4.99994,0.00001
0.77050,5.00000,4.99994,0.00001
0.77100,5.00000,4.99994,0.00001
0.77150,5.00000,4.99994,0.00001
0.77200,5.00000,4.99994,0.00001
0.77250,5.00000,4.99994,0.00001
0.77300,5.00000,4.99994,0.00001
0.77350,5.00000,4.99994,0.00001
0.77400,5.00000,4.99994,0.00001
0.77450,5.00000,4.99994,0.00001
0.77500,5.00000,4.99994,0.00001
0.77550,5.00000,4.99994,0.00001
0.77600,5.00000,4.99994,0.00001
0.77650,5.00000,4.99994,0.00001
0.77700,5.00000,4.99994,0.00001
0.77750,5.00000,4.99994,0.00001
0.77800,5.00000,4.99994,0.00001
0.77850,5.00000,4.99994,0.00001
0.77900,5.00000,4.99994,0.00001
0.77950,5.00000,4.99994,0.00001
0.78000,5.00000,4.99994,0.00001
0.78050,5.00000,4.99994,0.00001
0.78100,5.00000,4.99994,0.00001
0.78150,5.00000,4.99994,0.00001
0.78200,5.00000,4.99994,0.00001
0.78250,5.00000,4.99994,0.00001
0.78300,5.00000,4.99994,0.00001
0.78350,5.00000,4.99994,0.00001
0.78400,5.00000,4.99994,0.00001
0.78450,5.00000,4.99994,0.00001
0.78500,5.00000,4.99994,0.00001
0.78550,5.00000,4.99994,0.00001
0.78600,5.00000,4.99994,0.00001
0.78650,5.00000,4.99994,0.00001
0.78700,5.00000,4.99994,0.00001
0.78750,5.00000,4.99994,0.00001
0.78800,5.00000,4.99994,0.00001
0.78850,5.00000,4.99994,0.00001
0.78900,5.00000,4.99994,0.00001
0.78950,5.00000,4.99994,0.00001
0.79000,5.00000,4.99994,0.00001
0.79050,5.00000,4.99994,0.00001
0.79100,5.00000,4.99994,0.00001
0.79150,5.00000,4.99994,0.00001
0.79200,5.00000,4.99994,0.00001
0.79250,5.00000,4.99994,0.00001
0.79300,5.00000,4.99994,0.00001
0.79350,5.00000,4.99994,0.00001
0.79400,5.00000,4.99994,0.00001
0.79450,5.00000,4.99994,0.00001
0.79500,5.00000,4.99994,0.00001
0.79550,5.00000,4.99994,0.00001
0.79600,5.00000,4.99994,0.00001
0.79650,5.00000,4.99994,0.00001
0.79700,5.00000,4.99994,0.00001
0.79750,5.00000,4.99994,0.00001
0.79800,5.00000,4.99994,0.00001
0.79850,5.00000,4.99994,0.00001
0.79900,5.00000,4.99994,0.00001
0.79950,5.00000,4.99994,0.00001
0.80000,5.00000,4.99994,0.00001
0.80050,5.00000,4.99994,0.00001
0.80100,5.00000,4.99994,0.00001
0.80150,5.00000,4.99994,0.00001
0.80200,5.00000,4.99994,0.00001
0.80250,5.00000,4.99994,0.00001
0.80300,5.00000,4.99994,0.00001
0.80350,5.00000,4.99994,0.00001
0.80400,5.00000,4.99994,0.00001
0.80450,5.00000,4.99994,0.00001
0.80500,5.00000,4.99994,0.00001
0.80550,5.00000,4.99994,0.00001
0.80600,5.00000,4.99994,0.00001
0.80650,5.00000,4.99994,0.00001
0.80700,5.00000,4.99994,0.00001
0.80750,5.00000,4.99994,0.00001
0.80800,5.00000,4.99994,0.00001
0.80850,5.00000,4.99994,0.00001
0.80900,5.00000,4.99994,0.00001
0.80950,5.00000,4.99994,0.00001
0.81000,5.00000,4.99994,0.00001
0.81050,5.00000,4.99994,0.00001
0.81100,5.00000,4.99994,0.00001
0.81150,5.00000,4.99994,0.00001
0.81200,5.00000,4.99994,0.00001
0.81250,5.00000,4.99994,0.00001
0.81300,5.00000,4.99994,0.00001
0.81350,5.00000,4.99994,0.00001
0.81400,5.00000,4.99994,0.00001
0.81450,5.00000,4.99994,0.00001
0.81500,5.00000,4.99994,0.00001
0.81550,5.00000,4.99994,0.00001
0.81600,5.00000,4.99994,0.00001
0.81650,5.00000,4.99994,0.00001
0.81700,5.00000,4.99994,0.00001
0.81750,5.00000,4.99994,0.00001
0.81800,5.00000,4.99994,0.00001
0.81850,5.00000,4.99994,0.00001
0.81900,5.00000,4.99994,0.00001
0.81950,5.00000,4.99994,0.00001
0.82000,5.00000,4.99994,0.00001
0.82050,5.00000,4.99994,0.00001
0.82100,5.00000,4.99994,0.00001
0.82150,5.00000,4.99994,0.00001
0.82200,5.00000,4.99994,0.00001
0.82250,5.00000,4.99994,0.00001
0.82300,5.00000,4.99994,0.00001
0.82350,5.00000,4.99994,0.00001
0.82400,5.00000,4.99994,0.00001
0.82450,5.00000,4.99994,0.00001
0.82500,5.00000,4.99994,0.00001
0.82550,5.00000,4.99994,0.00001
0.82600,5.00000,4.99994,0.00001
0.82650,5.00000,4.99994,0.00001
0.82700,5.00000,4.99994,0.00001
0.82750,5.00000,4.99994,0.00001
0.82800,5.00000,4.99994,0.00001
0.82850,5.00000,4.99994,0.00001
0.82900,5.00000,4.99994,0.00001
0.82950,5.00000,4.99994,0.00001
0.83000,5.00000,4.99994,0.00001
0.83050,5.00000,4.99994,0.00001
0.83100,5.00000,4.99994,0.00001
0.83150,5.00000,4.99994,0.00001
0.83200,5.00000,4.99994,0.00001
0.83250,5.00000,4.99994,0.00001
0.83300,5.00000,4.99994,0.00001
0.83350,5.00000,4.99994,0.00001
0.83400,5.00000,4.99994,0.00001
0.83450,5.00000,4.99994,0.00001
0.83500,5.00000,4.99994,0.00001
0.83550,5.00000,4.99994,0.00001
0.83600,5.00000,4.99994,0.00001
0.83650,5.00000,4.99994,0.00001
0.83700,5.00000,4.99994,0.00001
0.83750,5.00000,4.99994,0.00001
0.83800,5.00000,4.99994,0.00001
0.83850,5.00000,4.99994,0.00001
0.83900,5.00000,4.99994,0.00001
0.83950,5.00000,4.99994,0.00001
0.84000,5.00000,4.99994,0.00001
0.84050,5.00000,4.99994,0.00001
0.84100,5.00000,4.99994,0.00001
0.84150,5.00000,4.99994,0.00001
0.84200,5.00000,4.99994,0.00001
0.84250,5.00000,4.99994,0.00001
0.84300,5.00000,4.99994,0.00001
0.84350,5.00000,4.99994,0.00001
0.84400,5.00000,4.99994,0.00001
0.84450,5.00000,4.99994,0.00001
0.84500,5.00000,4.99994,0.00001
0.84550,5.00000,4.99994,0.00001
0.84600,5.00000,4.99994,0.00001
0.84650,5.00000,4.99994,0.00001
0.84700,5.00000,4.99994,0.00001
0.84750,5.00000,4.99994,0.00001
0.84800,5.00000,4.99994,0.00001
0.84850,5.00000,4.99994,0.00001
0.84900,5.00000,4.99994,0.00001
0.84950,5.00000,4.99994,0.00001
0.85000,5.00000,4.99994,0.00001
0.85050,5.00000,4.99994,0.00001
0.85100,5.00000,4.99994,0.00001
0.85150,5.00000,4.99994,0.00001
0.85200,5.00000,4.99994,0.00001
0.85250,5.00000,4.99994,0.00001
0.85300,5.00000,4.99994,0.00001
0.85350,5.00000,4.99994,0.00001
0.85400,5.00000,4.99994,0.00001
0.85450,5.00000,4.99994,0.00001
0.85500,5.00000,4.99994,0.00001
0.85550,5.00000,4.99994,0.00001
0.85600,5.00000,4.99994,0.00001
0.85650,5.00000,4.99994,0.00001
0.85700,5.00000,4.99994,0.00001
0.85750,5.00000,4.99994,0.00001
0.85800,5.00000,4.99994,0.00001
0.85850,5.00000,4.99994,0.00001
0.85900,5.00000,4.99994,0.00001
0.85950,5.00000,4.99994,0.00001
0.86000,5.00000,4.99994,0.00001
0.86050,5.00000,4.99994,0.00001
0.86100,5.00000,4.99994,0.00001
0.86150,5.00000,4.99994,0.00001
0.86200,5.00000,4.99994,0.00001
0.86250,5.00000,4.99994,0.00001
0.86300,5.00000,4.99994,0.00001
0.86350,5.00000,4.99994,0.00001
0.86400,5.00000,4.99994,0.00001
0.86450,5.00000,4.99994,0.00001
0.86500,5.00000,4.99994,0.00001
0.86550,5.00000,4.99994,0.00001
0.86600,5.00000,4.99994,0.00001
0.86650,5.00000,4.99994,0.00001
0.86700,5.00000,4.99994,0.00001
0.86750,5.00000,4.99994,0.00001
0.86800,5.00000,4.99994,0.00001
0.86850,5.00000,4.99994,0.00001
0.86900,5.00000,4.99994,0.00001
0.86950,5.00000,4.99994,0.00001
0.87000,5.00000,4.99994,0.00001
0.87050,5.00000,4.99994,0.00001
0.87100,5.00000,4.99994,0.00001
0.87150,5.00000,4.99994,0.00001
0.87200,5.00000,4.99994,0.00001
0.87250,5.00000,4.99994,0.00001
0.87300,5.00000,4.99994,0.00001
0.87350,5.00000,4.99994,0.00001
0.87400,5.00000,4.99994,0.00001
0.87450,5.00000,4.99994,0.00001
0.87500,5.00000,4.99994,0.00001
0.87550,5.00000,4.99994,0.00001
0.87600,5.00000,4.99994,0.00001
0.87650,5.00000,4.99994,0.00001
0.87700,5.00000,4.99994,0.00001
0.87750,5.00000,4.99994,0.00001
0.87800,5.00000,4.99994,0.00001
0.87850,5.00000,4.99994,0.00001
0.87900,5.00000,4.99994,0.00001
0.87950,5.00000,4.99994,0.00001
0.88000,5.00000,4.99994,0.00001
0.88050,5.00000,4.99994,0.00001
0.88100,5.00000,4.99994,0.00001
0.88150,5.00000,4.99994,0.00001
0.88200,5.00000,4.99994,0.00001
0.88250,5.00000,4.99994,0.00001
0.88300,5.00000,4.99994,0.00001
0.88350,5.00000,4.99994,0.00001
0.88400,5.00000,4.99994,0.00001
0.88450,5.00000,4.99994,0.00001
0.88500,5.00000,4.99994,0.00001
0.88550,5.00000,4.99994,0.00001
0.88600,5.00000,4.99994,0.00001
0.88650,5.00000,4.99994,0.00001
0.88700,5.00000,4.99994,0.00001
0.88750,5.00000,4.99994,0.00001
0.88800,5.00000,4.99994,0.00001
0.88850,5.00000,4.99994,0.00001
0.88900,5.00000,4.99994,0.00001
0.88950,5.00000,4.99994,0.00001
0.89000,5.00000,4.99994,0.00001
0.89050,5.00000,4.99994,0.00001
0.89100,5.00000,4.99994,0.00001
0.89150,5.00000,4.99994,0.00001
0.89200,5.00000,4.99994,0.00001
0.89250,5.00000,4.99994,0.00001
0.89300,5.00000,4.99994,0.00001
0.89350,5.00000,4.99994,0.00001
0.89400,5.00000,4.99994,0.00001
0.89450,5.00000,4.99994,0.00001
0.89500,5.00000,4.99994,0.00001
0.89550,5.00000,4.99994,0.00001
0.89600,5.00000,4.99994,0.00001
0.89650,5.00000,4.99994,0.00001
0.89700,5.00000,4.99994,0.00001
0.89750,5.00000,4.99994,0.00001
0.89800,5.00000,4.99994,0.00001
0.89850,5.00000,4.99994,0.00001
0.89900,5.00000,4.99994,0.00001
0.89950,5.00000,4.99994,0.00001
0.90000,5.00000,4.99994,0.00001
0.90050,5.00000,4.99994,0.00001
0.90100,5.00000,4.99994,0.00001
0.90150,5.00000,4.99994,0.00001
0.90200,5.00000,4.99994,0.00001
0.90250,5.00000,4.99994,0.00001
0.90300,5.00000,4.99994,0.00001
0.90350,5.00000,4.99994,0.00001
0.90400,5.00000,4.99994,0.00001
0.90450,5.00000,4.99994,0.00001
0.90500,5.00000,4.99994,0.00001
0.90550,5.00000,4.99994,0.00001
0.90600,5.00000,4.99994,0.00001
0.90650,5.00000,4.99994,0.00001
0.90700,5.00000,4.99994,0.00001
0.90750,5.00000,4.99994,0.00001
0.90800,5.00000,4.99994,0.00001
0.90850,5.00000,4.99994,0.00001
0.90900,5.00000,4.99994,0.00001
0.90950,5.00000,4.99994,0.00001
0.91000,5.00000,4.99994,0.00001
0.91050,5.00000,4.99994,0.00001
0.91100,5.00000,4.99994,0.00001
0.91150,5.00000,4.99994,0.00001
0.91200,5.00000,4.99994,0.00001
0.91250,5.00000,4.99994,0.00001
0.91300,5.00000,4.99994,0.00001
0.91350,5.00000,4.99994,0.00001
0.91400,5.00000,4.99994,0.00001
0.91450,5.00000,4.99994,0.00001
0.91500,5.00000,4.99994,0.00001
0.91550,5.00000,4.99994,0.00001
0.91600,5.00000,4.99994,0.00001
0.91650,5.00000,4.99994,0.00001
0.91700,5.00000,4.99994,0.00001
0.91750,5.00000,4.99994,0.00001
0.91800,5.00000,4.99994,0.00001
0.91850,5.00000,4.99994,0.00001
0.91900,5.00000,4.99994,0.00001
0.91950,5.00000,4.99994,0.00001
0.92000,5.00000,4.99994,0.00001
0.92050,5.00000,4.99994,0.00001
0.92100,5.00000,4.99994,0.00001
0.92150,5.00000,4.99994,0.00001
0.92200,5.00000,4.99994,0.00001
0.92250,5.00000,4.99994,0.00001
0.92300,5.00000,4.99994,0.00001
0.92350,5.00000,4.99994,0.00001
0.92400,5.00000,4.99994,0.00001
0.92450,5.00000,4.99994,0.00001
0.92500,5.00000,4.99994,0.00001
0.92550,5.00000,4.99994,0.00001
0.92600,5.00000,4.99994,0.00001
0.92650,5.00000,4.99994,0.00001
0.92700,5.00000,4.99994,0.00001
0.92750,5.00000,4.99994,0.00001
0.92800,5.00000,4.99994,0.00001
0.92850,5.00000,4.99994,0.00001
0.92900,5.00000,4.99994,0.00001
0.92950,5.00000,4.99994,0.00001
0.93000,5.00000,4.99994,0.00001
0.93050,5.00000,4.99994,0.00001
0.93100,5.00000,4.99994,0.00001
0.93150,5.00000,4.99994,0.00001
0.93200,5.00000,4.99994,0.00001
0.93250,5.00000,4.99994,0.00001
0.93300,5.00000,4.99994,0.00001
0.93350,5.00000,4.99994,0.00001
0.93400,5.00000,4.99994,0.00001
0.93450,5.00000,4.99994,0.00001
0.93500,5.00000,4.99994,0.00001
0.93550,5.00000,4.99994,0.00001
0.93600,5.00000,4.99994,0.00001
0.93650,5.00000,4.99994,0.00001
0.93700,5.00000,4.99994,0.00001
0.93750,5.00000,4.99994,0.00001
0.93800,5.00000,4.99994,0.00001
0.93850,5.00000,4.99994,0.00001
0.93900,5.00000,4.99994,0.00001
0.93950,5.00000,4.99994,0.00001
0.94000,5.00000,4.99994,0.00001
0.94050,5.00000,4.99994,0.00001
0.94100,5.00000,4.99994,0.00001
0.94150,5.00000,4.99994,0.00001
0.94200,5.00000,4.99994,0.00001
0.94250,5.00000,4.99994,0.00001
0.94300,5.00000,4.99994,0.00001
0.94350,5.00000,4.99994,0.00001
0.94400,5.00000,4.99994,0.00001
0.94450,5.00000,4.99994,0.00001
0.94500,5.00000,4.99994,0.00001
0.94550,5.00000,4.99994,0.00001
0.94600,5.00000,4.99994,0.00001
0.94650,5.00000,4.99994,0.00001
0.94700,5.00000,4.99994,0.00001
0.94750,5.00000,4.99994,0.00001
0.94800,5.00000,4.99994,0.00001
0.94850,5.00000,4.99994,0.00001
0.94900,5.00000,4.99994,0.00001
0.94950,5.00000,4.99994,0.00001
0.95000,5.00000,4.99994,0.00001
0.95050,5.00000,4.99994,0.00001
0.95100,5.00000,4.99994,0.00001
0.95150,5.00000,4.99994,0.00001
0.95200,5.00000,4.99994,0.00001
0.95250,5.00000,4.99994,0.00001
0.95300,5.00000,4.99994,0.00001
0.95350,5.00000,4.99994,0.00001
0.95400,5.00000,4.99994,0.00001
0.95450,5.00000,4.99994,0.00001
0.95500,5.00000,4.99994,0.00001
0.95550,5.00000,4.99994,0.00001
0.95600,5.00000,4.99994,0.00001
0.95650,5.00000,4.99994,0.00001
0.95700,5.00000,4.99994,0.00001
0.95750,5.00000,4.99994,0.00001
0.95800,5.00000,4.99994,0.00001
0.95850,5.00000,4.99994,0.00001
0.95900,5.00000,4.99994,0.00001
0.95950,5.00000,4.99994,0.00001
0.96000,5.00000,4.99994,0.00001
0.96050,5.00000,4.99994,0.00001
0.96100,5.00000,4.99994,0.00001
0.96150,5.00000,4.99994,0.00001
0.96200,5.00000,4.99994,0.00001
0.96250,5.00000,4.99994,0.00001
0.96300,5.00000,4.99994,0.00001
0.96350,5.00000,4.99994,0.00001
0.96400,5.00000,4.99994,0.00001
0.96450,5.00000,4.99994,0.00001
0.96500,5.00000,4.99994,0.00001
0.96550,5.00000,4.99994,0.00001
0.96600,5.00000,4.99994,0.00001
0.96650,5.00000,4.99994,0.00001
0.96700,5.00000,4.99994,0.00001
0.96750,5.00000,4.99994,0.00001
0.96800,5.00000,4.99994,0.00001
0.96850,5.00000,4.99994,0.00001
0.96900,5.00000,4.99994,0.00001
0.96950,5.00000,4.99994,0.00001
0.97000,5.00000,4.99994,0.00001
0.97050,5.00000,4.99994,0.00001
0.97100,5.00000,4.99994,0.00001
0.97150,5.00000,4.99994,0.00001
0.97200,5.00000,4.99994,0.00001
0.97250,5.00000,4.99994,0.00001
0.97300,5.00000,4.99994,0.00001
0.97350,5.00000,4.99994,0.00001
0.97400,5.00000,4.99994,0.00001
0.97450,5.00000,4.99994,0.00001
0.97500,5.00000,4.99994,0.00001
0.97550,5.00000,4.99994,0.00001
0.97600,5.00000,4.99994,0.00001
0.97650,5.00000,4.99994,0.00001
0.97700,5.00000,4.99994,0.00001
0.97750,5.00000,4.99994,0.00001
0.97800,5.00000,4.99994,0.00001
0.97850,5.00000,4.99994,0.00001
0.97900,5.00000,4.99994,0.00001
0.97950,5.00000,4.99994,0.00001
0.98000,5.00000,4.99994,0.00001
0.98050,5.00000,4.99994,0.00001
0.98100,5.00000,4.99994,0.00001
0.98150,5.00000,4.99994,0.00001
0.98200,5.00000,4.99994,0.00001
0.98250,5.00000,4.99994,0.00001
0.98300,5.00000,4.99994,0.00001
0.98350,5.00000,4.99994,0.00001
0.98400,5.00000,4.99994,0.00001
0.98450,5.00000,4.99994,0.00001
0.98500,5.00000,4.99994,0.00001
0.98550,5.00000,4.99994,0.00001
0.98600,5.00000,4.99994,0.00001
0.98650,5.00000,4.99994,0.00001
0.98700,5.00000,4.99994,0.00001
0.98750,5.00000,4.99994,0.00001
0.98800,5.00000,4.99994,0.00001
0.98850,5.00000,4.99994,0.00001
0.98900,5.00000,4.99994,0.00001
0.98950,5.00000,4.99994,0.00001
0.99000,5.00000,4.99994,0.00001
0.99050,5.00000,4.99994,0.00001
0.99100,5.00000,4.99994,0.00001
0.99150,5.00000,4.99994,0.00001
0.99200,5.00000,4.99994,0.00001
0.99250,5.00000,4.99994,0.00001
0.99300,5.00000,4.99994,0.00001
0.99350,5.00000,4.99994,0.00001
0.99400,5.00000,4.99994,0.00001
0.99450,5.00000,4.99994,0.00001
0.99500,5.00000,4.99994,0.00001
0.99550,5.00000,4.99994,0.00001
0.99600,5.00000,4.99994,0.00001
0.99650,5.00000,4.99994,0.00001
0.99700,5.00000,4.99994,0.00001
0.99750,5.00000,4.99994,0.00001
0.99800,5.00000,4.99994,0.00001
0.99850,5.00000,4.99994,0.00001
0.99900,5.00000,4.99994,0.00001
0.99950,5.00000,4.99994,0.00001
1.00000,5.00000,4.99994,0.00001
